Phoneme,tone,stress,syllabic,short,long,consonantal,sonorant,continuant,delayedRelease,approximant,tap,trill,nasal,lateral,labial,round,labiodental,coronal,anterior,distributed,strident,dorsal,high,low,front,back,tense,retractedTongueRoot,advancedTongueRoot,periodicGlottalSource,epilaryngealSource,spreadGlottis,constrictedGlottis,fortis,raisedLarynxEjective,loweredLarynxImplosive,click
d̪,0,-,-,-,-,+,-,-,-,-,-,-,-,-,-,0,0,+,+,+,-,-,0,0,0,0,0,0,0,+,-,-,-,-,-,-,-
n̪,0,-,-,-,-,+,+,-,0,-,-,-,+,-,-,0,0,+,+,+,-,-,0,0,0,0,0,0,0,+,-,-,-,-,-,-,-
s̪,0,-,-,-,-,+,-,+,+,-,-,-,-,-,-,0,0,+,+,+,+,-,0,0,0,0,0,0,0,-,-,-,-,-,-,-,-
t̪ʰ,0,-,-,-,-,+,-,-,-,-,-,-,-,-,-,0,0,+,+,+,-,-,0,0,0,0,0,0,0,-,-,+,-,-,-,-,-
ə,0,-,+,-,-,-,+,+,0,+,-,-,-,-,-,0,0,-,0,0,0,+,-,-,-,-,-,-,-,+,-,-,-,0,-,-,0
b̤̥,0,-,-,-,-,+,-,-,-,-,-,-,-,-,+,-,-,-,0,0,0,-,0,0,0,0,0,0,0,-,-,+,-,-,-,-,-
d̤̥,0,-,-,-,-,+,-,-,-,-,-,-,-,-,-,0,0,+,+,-,-,-,0,0,0,0,0,0,0,-,-,+,-,-,-,-,-
ɡ̤̥,0,-,-,-,-,+,-,-,-,-,-,-,-,-,-,0,0,-,0,0,0,+,+,-,-,-,0,0,0,-,-,+,-,-,-,-,-
k̟ʰ,0,-,-,-,-,+,-,-,-,-,-,-,-,-,-,0,0,-,0,0,0,+,+,-,+,-,0,0,0,-,-,+,-,-,-,-,-
kʲʰ,0,-,-,-,-,+,-,-,-,-,-,-,-,-,-,0,0,-,0,0,0,+,+,-,+,-,0,0,0,-,-,+,-,-,-,-,-
d̪̤̥,0,-,-,-,-,+,-,-,-,-,-,-,-,-,-,0,0,+,+,+,-,-,0,0,0,0,0,0,0,-,-,+,-,-,-,-,-
l̻,0,-,-,-,-,+,+,+,0,+,-,-,-,+,-,0,0,+,+,+,-,-,0,0,0,0,0,0,0,+,-,-,-,-,-,-,-
t̻,0,-,-,-,-,+,-,-,-,-,-,-,-,-,-,0,0,+,+,+,-,-,0,0,0,0,0,0,0,-,-,-,-,-,-,-,-
s̻ː,0,-,-,-,+,+,-,+,+,-,-,-,-,-,-,0,0,+,+,+,+,-,0,0,0,0,0,0,0,-,-,-,-,-,-,-,-
tːs,0,-,-,-,+,+,-,-,+,-,-,-,-,-,-,0,0,+,+,-,+,-,0,0,0,0,0,0,0,-,-,-,-,-,-,-,-
m̰,0,-,-,-,-,+,+,-,0,-,-,-,+,-,+,-,-,-,0,0,0,-,0,0,0,0,0,0,0,+,-,-,+,-,-,-,-
n̰,0,-,-,-,-,+,+,-,0,-,-,-,+,-,-,0,0,+,+,-,-,-,0,0,0,0,0,0,0,+,-,-,+,-,-,-,-
t̪ʼ,0,-,-,-,-,+,-,-,-,-,-,-,-,-,-,0,0,+,+,+,-,-,0,0,0,0,0,0,0,-,-,-,+,-,+,-,-
k͉,0,-,-,-,-,+,-,-,-,-,-,-,-,-,-,0,0,-,0,0,0,+,+,-,-,-,0,0,0,-,-,-,-,-,-,-,-
p͉,0,-,-,-,-,+,-,-,-,-,-,-,-,-,+,-,-,-,0,0,0,-,0,0,0,0,0,0,0,-,-,-,-,-,-,-,-
t̠ʃ͉,0,-,-,-,-,+,-,-,+,-,-,-,-,-,-,0,0,+,-,+,+,-,0,0,0,0,0,0,0,-,-,-,-,-,-,-,-
t͉,0,-,-,-,-,+,-,-,-,-,-,-,-,-,-,0,0,+,+,-,-,-,0,0,0,0,0,0,0,-,-,-,-,-,-,-,-
t͉s,0,-,-,-,-,+,-,-,+,-,-,-,-,-,-,0,0,+,+,-,+,-,0,0,0,0,0,0,0,-,-,-,-,-,-,-,-
t̠ːʃ,0,-,-,-,+,+,-,-,+,-,-,-,-,-,-,0,0,+,-,+,+,-,0,0,0,0,0,0,0,-,-,-,-,-,-,-,-
ʈ͉,0,-,-,-,-,+,-,-,-,-,-,-,-,-,-,0,0,+,-,-,-,-,0,0,0,0,0,0,0,-,-,-,-,-,-,-,-
jˀ,0,-,-,-,-,-,+,+,0,+,-,-,-,-,-,0,0,-,0,0,0,+,+,-,+,-,+,0,0,+,-,-,+,-,-,-,-
wˀ,0,-,-,-,-,-,+,+,0,+,-,-,-,-,+,+,-,-,0,0,0,+,+,-,-,+,+,0,0,+,-,-,+,-,-,-,-
çʲ,0,-,-,-,-,+,-,+,+,-,-,-,-,-,-,0,0,+,-,+,-,+,+,-,+,-,0,0,0,-,-,-,-,-,-,-,-
kʲ,0,-,-,-,-,+,-,-,-,-,-,-,-,-,-,0,0,-,0,0,0,+,+,-,+,-,0,0,0,-,-,-,-,-,-,-,-
kʲʼ,0,-,-,-,-,+,-,-,-,-,-,-,-,-,-,0,0,-,0,0,0,+,+,-,+,-,0,0,0,-,-,-,+,-,+,-,-
ɡʲ,0,-,-,-,-,+,-,-,-,-,-,-,-,-,-,0,0,-,0,0,0,+,+,-,+,-,0,0,0,+,-,-,-,-,-,-,-
z̪,0,-,-,-,-,+,-,+,+,-,-,-,-,-,-,0,0,+,+,+,+,-,0,0,0,0,0,0,0,+,-,-,-,-,-,-,-
f͉,0,-,-,-,-,+,-,+,+,-,-,-,-,-,+,-,+,-,0,0,0,-,0,0,0,0,0,0,0,-,-,-,-,-,-,-,-
s͉,0,-,-,-,-,+,-,+,+,-,-,-,-,-,-,0,0,+,+,-,+,-,0,0,0,0,0,0,0,-,-,-,-,-,-,-,-
ʃ͉,0,-,-,-,-,+,-,+,+,-,-,-,-,-,-,0,0,+,-,+,+,-,0,0,0,0,0,0,0,-,-,-,-,-,-,-,-
bʷˠ,0,-,-,-,-,+,-,-,-,-,-,-,-,-,+,+,-,-,0,0,0,+,+,-,-,-,0,0,0,+,-,-,-,-,-,-,-
mʷˠ,0,-,-,-,-,+,+,-,0,-,-,-,+,-,+,+,-,-,0,0,0,+,+,-,-,-,0,0,0,+,-,-,-,-,-,-,-
pʷˠʰ,0,-,-,-,-,+,-,-,-,-,-,-,-,-,+,+,-,-,0,0,0,+,+,-,-,-,0,0,0,-,-,+,-,-,-,-,-
ɡ̟,0,-,-,-,-,+,-,-,-,-,-,-,-,-,-,0,0,-,0,0,0,+,+,-,+,-,0,0,0,+,-,-,-,-,-,-,-
ɸʷˠ,0,-,-,-,-,+,-,+,+,-,-,-,-,-,+,+,-,-,0,0,0,+,+,-,-,-,0,0,0,-,-,-,-,-,-,-,-
ð͉,0,-,-,-,-,+,-,+,+,-,-,-,-,-,-,0,0,+,+,+,-,-,0,0,0,0,0,0,0,+,-,-,-,-,-,-,-
n̻ʲ,0,-,-,-,-,+,+,-,0,-,-,-,+,-,-,0,0,+,+,+,-,+,+,-,+,-,0,0,0,+,-,-,-,-,-,-,-
t̻ʲ,0,-,-,-,-,+,-,-,-,-,-,-,-,-,-,0,0,+,+,+,-,+,+,-,+,-,0,0,0,-,-,-,-,-,-,-,-
ie̞,0,-,+,-,-,-,+,+,0,+,-,-,-,-,-,0,0,-,0,0,0,+,"+,-",-,+,-,+,-,-,+,-,-,-,0,-,-,0
d̻ː,0,-,-,-,+,+,-,-,-,-,-,-,-,-,-,0,0,+,+,+,-,-,0,0,0,0,0,0,0,+,-,-,-,-,-,-,-
l̻ː,0,-,-,-,+,+,+,+,0,+,-,-,-,+,-,0,0,+,+,+,-,-,0,0,0,0,0,0,0,+,-,-,-,-,-,-,-
t̻ː,0,-,-,-,+,+,-,-,-,-,-,-,-,-,-,0,0,+,+,+,-,-,0,0,0,0,0,0,0,-,-,-,-,-,-,-,-
n̪ː,0,-,-,-,+,+,+,-,0,-,-,-,+,-,-,0,0,+,+,+,-,-,0,0,0,0,0,0,0,+,-,-,-,-,-,-,-
t̪ʰː,0,-,-,-,+,+,-,-,-,-,-,-,-,-,-,0,0,+,+,+,-,-,0,0,0,0,0,0,0,-,-,+,-,-,-,-,-
ɜ̃,0,-,+,-,-,-,+,+,0,+,-,-,+,-,-,0,0,-,0,0,0,+,-,-,-,-,-,-,-,+,-,-,-,0,-,-,0
p͉ʲ,0,-,-,-,-,+,-,-,-,-,-,-,-,-,+,-,-,-,0,0,0,+,+,-,+,-,0,0,0,-,-,-,-,-,-,-,-
t͉ʲ,0,-,-,-,-,+,-,-,-,-,-,-,-,-,-,0,0,+,+,-,-,+,+,-,+,-,0,0,0,-,-,-,-,-,-,-,-
dⁿ,0,-,-,-,-,+,-,-,-,-,-,-,+,-,-,0,0,+,+,-,-,-,0,0,0,0,0,0,0,+,-,-,-,-,-,-,-
t̠,0,-,-,-,-,+,-,-,-,-,-,-,-,-,-,0,0,+,+,-,-,-,0,0,0,0,0,0,0,-,-,-,-,-,-,-,-
ɪˤ,0,-,+,-,-,-,+,+,0,+,-,-,-,-,-,0,0,-,0,0,0,+,+,-,+,-,-,+,-,+,-,-,-,0,-,-,0
ʊˤ,0,-,+,-,-,-,+,+,0,+,-,-,-,-,+,+,-,-,0,0,0,+,+,-,-,+,-,+,-,+,-,-,-,0,-,-,0
ᴅ,0,-,-,-,-,+,+,+,0,+,+,-,-,-,-,0,0,+,+,-,-,-,0,0,0,0,0,0,0,+,-,-,-,-,-,-,-
d̪z̪,0,-,-,-,-,+,-,-,+,-,-,-,-,-,-,0,0,+,+,+,+,-,0,0,0,0,0,0,0,+,-,-,-,-,-,-,-
t̪s̪ʰ,0,-,-,-,-,+,-,-,+,-,-,-,-,-,-,0,0,+,+,+,+,-,0,0,0,0,0,0,0,-,-,+,-,-,-,-,-
t̪s̪ʼ,0,-,-,-,-,+,-,-,+,-,-,-,-,-,-,0,0,+,+,+,+,-,0,0,0,0,0,0,0,-,-,-,+,-,+,-,-
d̪ʲ,0,-,-,-,-,+,-,-,-,-,-,-,-,-,-,0,0,+,+,+,-,+,+,-,+,-,0,0,0,+,-,-,-,-,-,-,-
l̪ʲ,0,-,-,-,-,+,+,+,0,+,-,-,-,+,-,0,0,+,+,+,-,+,+,-,+,-,0,0,0,+,-,-,-,-,-,-,-
s̪ʲ,0,-,-,-,-,+,-,+,+,-,-,-,-,-,-,0,0,+,+,+,+,+,+,-,+,-,0,0,0,-,-,-,-,-,-,-,-
t̪s̪,0,-,-,-,-,+,-,-,+,-,-,-,-,-,-,0,0,+,+,+,+,-,0,0,0,0,0,0,0,-,-,-,-,-,-,-,-
t̪ʲ,0,-,-,-,-,+,-,-,-,-,-,-,-,-,-,0,0,+,+,+,-,+,+,-,+,-,0,0,0,-,-,-,-,-,-,-,-
z̪ʲ,0,-,-,-,-,+,-,+,+,-,-,-,-,-,-,0,0,+,+,+,+,+,+,-,+,-,0,0,0,+,-,-,-,-,-,-,-
d̠,0,-,-,-,-,+,-,-,-,-,-,-,-,-,-,0,0,+,+,-,-,-,0,0,0,0,0,0,0,+,-,-,-,-,-,-,-
b̰,0,-,-,-,-,+,-,-,-,-,-,-,-,-,+,-,-,-,0,0,0,-,0,0,0,0,0,0,0,+,-,-,+,-,-,-,-
d̰,0,-,-,-,-,+,-,-,-,-,-,-,-,-,-,0,0,+,+,-,-,-,0,0,0,0,0,0,0,+,-,-,+,-,-,-,-
o̞u,0,-,+,-,-,-,+,+,0,+,-,-,-,-,+,+,-,-,0,0,0,+,"-,+",-,-,+,+,-,-,+,-,-,-,0,-,-,0
ia̟,0,-,+,-,-,-,+,+,0,+,-,-,-,-,-,0,0,-,0,0,0,+,"+,-","-,+",+,-,+,-,-,+,-,-,-,0,-,-,0
əi,0,-,+,-,-,-,+,+,0,+,-,-,-,-,-,0,0,-,0,0,0,+,"-,+",-,"-,+",-,"-,+",-,-,+,-,-,-,0,-,-,0
ŋ̰,0,-,-,-,-,+,+,-,0,-,-,-,+,-,-,0,0,-,0,0,0,+,+,-,-,-,0,0,0,+,-,-,+,-,-,-,-
kǃ̠,0,-,-,-,-,+,-,-,-,-,-,-,-,-,-,0,0,"-,+",-,+,-,"+,-",+,-,-,-,0,0,0,-,-,-,-,-,-,-,"-,+"
kpʷ,0,-,-,-,-,+,-,-,-,-,-,-,-,-,+,+,-,-,0,0,0,+,+,-,-,-,0,0,0,-,-,-,-,-,-,-,-
ɡbʷ,0,-,-,-,-,+,-,-,-,-,-,-,-,-,+,+,-,-,0,0,0,+,+,-,-,-,0,0,0,+,-,-,-,-,-,-,-
ɾ̰,0,-,-,-,-,+,+,+,0,+,+,-,-,-,-,0,0,+,+,-,-,-,0,0,0,0,0,0,0,+,-,-,+,-,-,-,-
xʲ,0,-,-,-,-,+,-,+,+,-,-,-,-,-,-,0,0,-,0,0,0,+,+,-,+,-,0,0,0,-,-,-,-,-,-,-,-
ɣʲ,0,-,-,-,-,+,-,+,+,-,-,-,-,-,-,0,0,-,0,0,0,+,+,-,+,-,0,0,0,+,-,-,-,-,-,-,-
ɜː,0,-,+,-,+,-,+,+,0,+,-,-,-,-,-,0,0,-,0,0,0,+,-,-,-,-,-,-,-,+,-,-,-,0,-,-,0
ɐ̹̆,0,-,+,+,-,-,+,+,0,+,-,-,-,-,+,+,-,-,0,0,0,+,-,+,-,-,0,-,-,+,-,-,-,0,-,-,0
bʼ,0,-,-,-,-,+,-,-,-,-,-,-,-,-,+,-,-,-,0,0,0,-,0,0,0,0,0,0,0,-,-,-,+,-,+,-,-
dzʼ,0,-,-,-,-,+,-,-,+,-,-,-,-,-,-,0,0,+,+,-,+,-,0,0,0,0,0,0,0,-,-,-,+,-,+,-,-
dʼ,0,-,-,-,-,+,-,-,-,-,-,-,-,-,-,0,0,+,+,-,-,-,0,0,0,0,0,0,0,-,-,-,+,-,+,-,-
d̠ʒʼ,0,-,-,-,-,+,-,-,+,-,-,-,-,-,-,0,0,+,-,+,+,-,0,0,0,0,0,0,0,-,-,-,+,-,+,-,-
kǂʰ,0,-,-,-,-,+,-,-,-,-,-,-,-,-,-,0,0,"-,+",-,+,-,"+,-",+,-,-,-,0,0,0,-,-,"-,+",-,-,-,-,"-,+"
ŋǂ,0,-,-,-,-,+,"+,-",-,-,-,-,-,"+,-",-,-,0,0,"-,+",-,+,-,"+,-",+,-,-,-,0,0,0,"+,-",-,-,-,-,-,-,"-,+"
ŋ̥ǂˀ,0,-,-,-,-,+,"+,-",-,-,-,-,-,"+,-",-,-,0,0,"-,+",-,+,-,"+,-",+,-,-,-,0,0,0,-,-,-,"-,+",-,-,-,"-,+"
ɡʼ,0,-,-,-,-,+,-,-,-,-,-,-,-,-,-,0,0,-,0,0,0,+,+,-,-,-,0,0,0,-,-,-,+,-,+,-,-
æi,0,-,+,-,-,-,+,+,0,+,-,-,-,-,-,0,0,-,0,0,0,+,"-,+","+,-",+,-,+,-,-,+,-,-,-,0,-,-,0
ŋ̥ǃ̠ʰ,0,-,-,-,-,+,"+,-",-,-,-,-,-,"+,-",-,-,0,0,"-,+",-,+,-,"+,-",+,-,-,-,0,0,0,-,-,"-,+",-,-,-,-,"-,+"
t̠ʰ,0,-,-,-,-,+,-,-,-,-,-,-,-,-,-,0,0,+,+,-,-,-,0,0,0,0,0,0,0,-,-,+,-,-,-,-,-
d̠̰,0,-,-,-,-,+,-,-,-,-,-,-,-,-,-,0,0,+,+,-,-,-,0,0,0,0,0,0,0,+,-,-,+,-,-,-,-
fʷ,0,-,-,-,-,+,-,+,+,-,-,-,-,-,+,+,-,-,0,0,0,-,0,0,0,0,0,0,0,-,-,-,-,-,-,-,-
ɾ̪,0,-,-,-,-,+,+,+,0,+,+,-,-,-,-,0,0,+,+,+,-,-,0,0,0,0,0,0,0,+,-,-,-,-,-,-,-
n̪ʲ,0,-,-,-,-,+,+,-,0,-,-,-,+,-,-,0,0,+,+,+,-,+,+,-,+,-,0,0,0,+,-,-,-,-,-,-,-
ɡǃ̠,0,-,-,-,-,+,-,-,-,-,-,-,-,-,-,0,0,"-,+",-,+,-,"+,-",+,-,-,-,0,0,0,"+,-",-,-,-,-,-,-,"-,+"
iˠ,0,-,+,-,-,-,+,+,0,+,-,-,-,-,-,0,0,-,0,0,0,+,+,-,-,-,+,-,-,+,-,-,-,0,-,-,0
ĩˠ,0,-,+,-,-,-,+,+,0,+,-,-,+,-,-,0,0,-,0,0,0,+,+,-,-,-,+,-,-,+,-,-,-,0,-,-,0
iˤː,0,-,+,-,+,-,+,+,0,+,-,-,-,-,-,0,0,-,0,0,0,+,+,-,+,-,+,+,-,+,-,-,-,0,-,-,0
ɬ̪,0,-,-,-,-,+,-,+,+,-,-,-,-,+,-,0,0,+,+,+,-,-,0,0,0,0,0,0,0,-,-,-,-,-,-,-,-
ðʲ,0,-,-,-,-,+,-,+,+,-,-,-,-,-,-,0,0,+,+,+,-,+,+,-,+,-,0,0,0,+,-,-,-,-,-,-,-
jʷ,0,-,-,-,-,-,+,+,0,+,-,-,-,-,+,+,-,-,0,0,0,+,+,-,+,-,+,0,0,+,-,-,-,-,-,-,-
aˠ,0,-,+,-,-,-,+,+,0,+,-,-,-,-,-,0,0,-,0,0,0,+,+,-,-,-,0,-,-,+,-,-,-,0,-,-,0
eˠ,0,-,+,-,-,-,+,+,0,+,-,-,-,-,-,0,0,-,0,0,0,+,+,-,-,-,+,-,-,+,-,-,-,0,-,-,0
ɪˠ,0,-,+,-,-,-,+,+,0,+,-,-,-,-,-,0,0,-,0,0,0,+,+,-,-,-,-,-,-,+,-,-,-,0,-,-,0
ŋɡʲ,0,-,-,-,-,+,"+,-",-,-,-,-,-,"+,-",-,-,0,0,-,0,0,0,+,+,-,"-,+",-,0,0,0,+,-,-,-,-,-,-,-
βʷ,0,-,-,-,-,+,-,+,+,-,-,-,-,-,+,+,-,-,0,0,0,-,0,0,0,0,0,0,0,+,-,-,-,-,-,-,-
kǀ̪,0,-,-,-,-,+,-,-,-,-,-,-,-,-,-,0,0,"-,+",+,+,-,"+,-",+,-,-,-,0,0,0,-,-,-,-,-,-,-,"-,+"
kǃ̪,0,-,-,-,-,+,-,-,-,-,-,-,-,-,-,0,0,"-,+",+,+,-,"+,-",+,-,-,-,0,0,0,-,-,-,-,-,-,-,"-,+"
ö,0,-,+,-,-,-,+,+,0,+,-,-,-,-,+,+,-,-,0,0,0,+,-,-,-,0,0,-,-,+,-,-,-,0,-,-,0
lˀ,0,-,-,-,-,+,+,+,0,+,-,-,-,+,-,0,0,+,+,-,-,-,0,0,0,0,0,0,0,+,-,-,+,-,-,-,-
bʱ,0,-,-,-,-,+,-,-,-,-,-,-,-,-,+,-,-,-,0,0,0,-,0,0,0,0,0,0,0,+,-,+,-,-,-,-,-
d̠ʒʱ,0,-,-,-,-,+,-,-,+,-,-,-,-,-,-,0,0,+,-,+,+,-,0,0,0,0,0,0,0,+,-,+,-,-,-,-,-
d̪ʱ,0,-,-,-,-,+,-,-,-,-,-,-,-,-,-,0,0,+,+,+,-,-,0,0,0,0,0,0,0,+,-,+,-,-,-,-,-
mʱ,0,-,-,-,-,+,+,-,0,-,-,-,+,-,+,-,-,-,0,0,0,-,0,0,0,0,0,0,0,+,-,+,-,-,-,-,-
nʱ,0,-,-,-,-,+,+,-,0,-,-,-,+,-,-,0,0,+,+,-,-,-,0,0,0,0,0,0,0,+,-,+,-,-,-,-,-
ɡʱ,0,-,-,-,-,+,-,-,-,-,-,-,-,-,-,0,0,-,0,0,0,+,+,-,-,-,0,0,0,+,-,+,-,-,-,-,-
ɾʱ,0,-,-,-,-,+,+,+,0,+,+,-,-,-,-,0,0,+,+,-,-,-,0,0,0,0,0,0,0,+,-,+,-,-,-,-,-
cʲ,0,-,-,-,-,+,-,-,-,-,-,-,-,-,-,0,0,+,-,+,-,+,+,-,+,-,0,0,0,-,-,-,-,-,-,-,-
ɟʲ,0,-,-,-,-,+,-,-,-,-,-,-,-,-,-,0,0,+,-,+,-,+,+,-,+,-,0,0,0,+,-,-,-,-,-,-,-
ɲcʲ,0,-,-,-,-,+,"+,-",-,-,-,-,-,"+,-",-,-,0,0,+,-,+,-,+,+,-,+,-,0,0,0,"+,-",-,-,-,-,-,-,-
ɽʱ,0,-,-,-,-,+,+,+,0,+,+,-,-,-,-,0,0,+,-,-,-,-,0,0,0,0,0,0,0,+,-,+,-,-,-,-,-
oi,0,-,+,-,-,-,+,+,0,+,-,-,-,-,"+,-",+,-,-,0,0,0,+,"-,+",-,"-,+","+,-",+,-,-,+,-,-,-,0,-,-,0
ei,0,-,+,-,-,-,+,+,0,+,-,-,-,-,-,0,0,-,0,0,0,+,"-,+",-,+,-,+,-,-,+,-,-,-,0,-,-,0
eu,0,-,+,-,-,-,+,+,0,+,-,-,-,-,"-,+",+,-,-,0,0,0,+,"-,+",-,"+,-","-,+",+,-,-,+,-,-,-,0,-,-,0
dzʱ,0,-,-,-,-,+,-,-,+,-,-,-,-,-,-,0,0,+,+,-,+,-,0,0,0,0,0,0,0,+,-,+,-,-,-,-,-
dʱ,0,-,-,-,-,+,-,-,-,-,-,-,-,-,-,0,0,+,+,-,-,-,0,0,0,0,0,0,0,+,-,+,-,-,-,-,-
wʲ,0,-,-,-,-,-,+,+,0,+,-,-,-,-,+,+,-,-,0,0,0,+,+,-,+,-,+,0,0,+,-,-,-,-,-,-,-
n̠̥t̠ʃ,0,-,-,-,-,+,"+,-",-,+,-,-,-,"+,-",-,-,0,0,+,-,+,+,-,0,0,0,0,0,0,0,"+,-",-,-,-,-,-,-,-
vʱ,0,-,-,-,-,+,-,+,+,-,-,-,-,-,+,-,+,-,0,0,0,-,0,0,0,0,0,0,0,+,-,+,-,-,-,-,-
ɖʱ,0,-,-,-,-,+,-,-,-,-,-,-,-,-,-,0,0,+,-,-,-,-,0,0,0,0,0,0,0,+,-,+,-,-,-,-,-
p̰,0,-,-,-,-,+,-,-,-,-,-,-,-,-,+,-,-,-,0,0,0,-,0,0,0,0,0,0,0,+,-,-,+,-,-,-,-
t̰,0,-,-,-,-,+,-,-,-,-,-,-,-,-,-,0,0,+,+,-,-,-,0,0,0,0,0,0,0,+,-,-,+,-,-,-,-
oe,0,-,+,-,-,-,+,+,0,+,-,-,-,-,"+,-",+,-,-,0,0,0,+,-,-,"-,+","+,-",+,-,-,+,-,-,-,0,-,-,0
n̺,0,-,-,-,-,+,+,-,0,-,-,-,+,-,-,0,0,+,+,-,-,-,0,0,0,0,0,0,0,+,-,-,-,-,-,-,-
r̺,0,-,-,-,-,+,+,+,0,+,-,+,-,-,-,0,0,+,+,-,-,-,0,0,0,0,0,0,0,+,-,-,-,-,-,-,-
s̺,0,-,-,-,-,+,-,+,+,-,-,-,-,-,-,0,0,+,+,-,+,-,0,0,0,0,0,0,0,-,-,-,-,-,-,-,-
t̺s̺,0,-,-,-,-,+,-,-,+,-,-,-,-,-,-,0,0,+,+,-,+,-,0,0,0,0,0,0,0,-,-,-,-,-,-,-,-
c̰,0,-,-,-,-,+,-,-,-,-,-,-,-,-,-,0,0,+,-,+,-,+,+,-,+,-,0,0,0,+,-,-,+,-,-,-,-
lʱ,0,-,-,-,-,+,+,+,0,+,-,-,-,+,-,0,0,+,+,-,-,-,0,0,0,0,0,0,0,+,-,+,-,-,-,-,-
pʷˠ,0,-,-,-,-,+,-,-,-,-,-,-,-,-,+,+,-,-,0,0,0,+,+,-,-,-,0,0,0,-,-,-,-,-,-,-,-
pʷˠː,0,-,-,-,+,+,-,-,-,-,-,-,-,-,+,+,-,-,0,0,0,+,+,-,-,-,0,0,0,-,-,-,-,-,-,-,-
ɡ̰,0,-,-,-,-,+,-,-,-,-,-,-,-,-,-,0,0,-,0,0,0,+,+,-,-,-,0,0,0,+,-,-,+,-,-,-,-
ts̪,0,-,-,-,-,+,-,-,+,-,-,-,-,-,-,0,0,+,+,+,+,-,0,0,0,0,0,0,0,-,-,-,-,-,-,-,-
t̰s̰,0,-,-,-,-,+,-,-,+,-,-,-,-,-,-,0,0,+,+,-,+,-,0,0,0,0,0,0,0,+,-,-,+,-,-,-,-
t̠ʃ̺ʰ,0,-,-,-,-,+,-,-,+,-,-,-,-,-,-,0,0,+,-,-,+,-,0,0,0,0,0,0,0,-,-,+,-,-,-,-,-
ʃ̺,0,-,-,-,-,+,-,+,+,-,-,-,-,-,-,0,0,+,-,-,+,-,0,0,0,0,0,0,0,-,-,-,-,-,-,-,-
ˀj̰,0,-,-,-,-,-,+,+,0,+,-,-,-,-,-,0,0,-,0,0,0,+,+,-,+,-,+,0,0,+,-,-,+,-,-,-,-
ˀw̰,0,-,-,-,-,-,+,+,0,+,-,-,-,-,+,+,-,-,0,0,0,+,+,-,-,+,+,0,0,+,-,-,+,-,-,-,-
k͉ʷ,0,-,-,-,-,+,-,-,-,-,-,-,-,-,+,+,-,-,0,0,0,+,+,-,-,-,0,0,0,-,-,-,-,-,-,-,-
l͉,0,-,-,-,-,+,+,+,0,+,-,-,-,+,-,0,0,+,+,-,-,-,0,0,0,0,0,0,0,+,-,-,-,-,-,-,-
m͉,0,-,-,-,-,+,+,-,0,-,-,-,+,-,+,-,-,-,0,0,0,-,0,0,0,0,0,0,0,+,-,-,-,-,-,-,-
n͉,0,-,-,-,-,+,+,-,0,-,-,-,+,-,-,0,0,+,+,-,-,-,0,0,0,0,0,0,0,+,-,-,-,-,-,-,-
ʂ͉,0,-,-,-,-,+,-,+,+,-,-,-,-,-,-,0,0,+,-,-,+,-,0,0,0,0,0,0,0,-,-,-,-,-,-,-,-
aˀ,0,-,+,-,-,-,+,+,0,+,-,-,-,-,-,0,0,-,0,0,0,+,-,+,-,-,0,-,-,+,-,-,+,0,-,-,0
eˀ,0,-,+,-,-,-,+,+,0,+,-,-,-,-,-,0,0,-,0,0,0,+,-,-,+,-,+,-,-,+,-,-,+,0,-,-,0
io,0,-,+,-,-,-,+,+,0,+,-,-,-,-,"-,+",+,-,-,0,0,0,+,"+,-",-,"+,-","-,+",+,-,-,+,-,-,-,0,-,-,0
iˀ,0,-,+,-,-,-,+,+,0,+,-,-,-,-,-,0,0,-,0,0,0,+,+,-,+,-,+,-,-,+,-,-,+,0,-,-,0
oˀ,0,-,+,-,-,-,+,+,0,+,-,-,-,-,+,+,-,-,0,0,0,+,-,-,-,+,+,-,-,+,-,-,+,0,-,-,0
uˀ,0,-,+,-,-,-,+,+,0,+,-,-,-,-,+,+,-,-,0,0,0,+,+,-,-,+,+,-,-,+,-,-,+,0,-,-,0
ɛə,0,-,+,-,-,-,+,+,0,+,-,-,-,-,-,0,0,-,0,0,0,+,-,-,"+,-",-,-,-,-,+,-,-,-,0,-,-,0
t̪s,0,-,-,-,-,+,-,-,+,-,-,-,-,-,-,0,0,+,+,+,+,-,0,0,0,0,0,0,0,-,-,-,-,-,-,-,-
ŋʷː,0,-,-,-,+,+,+,-,0,-,-,-,+,-,+,+,-,-,0,0,0,+,+,-,-,-,0,0,0,+,-,-,-,-,-,-,-
a̙,0,-,+,-,-,-,+,+,0,+,-,-,-,-,-,0,0,-,0,0,0,+,-,+,-,-,0,+,-,+,-,-,-,0,-,-,0
a̙ː,0,-,+,-,+,-,+,+,0,+,-,-,-,-,-,0,0,-,0,0,0,+,-,+,-,-,0,+,-,+,-,-,-,0,-,-,0
ɔ̙,0,-,+,-,-,-,+,+,0,+,-,-,-,-,+,+,-,-,0,0,0,+,-,-,-,+,-,+,-,+,-,-,-,0,-,-,0
ɪ̙ˠ,0,-,+,-,-,-,+,+,0,+,-,-,-,-,-,0,0,-,0,0,0,+,+,-,-,-,-,+,-,+,-,-,-,0,-,-,0
ɧ,0,-,-,-,-,+,-,+,+,-,-,-,-,-,-,0,0,+,-,+,+,+,+,-,-,-,0,0,0,-,-,-,-,-,-,-,-
dz̪,0,-,-,-,-,+,-,-,+,-,-,-,-,-,-,0,0,+,+,+,+,-,0,0,0,0,0,0,0,+,-,-,-,-,-,-,-
ɪɛ,0,-,+,-,-,-,+,+,0,+,-,-,-,-,-,0,0,-,0,0,0,+,"+,-",-,+,-,-,-,-,+,-,-,-,0,-,-,0
ẽĩ,0,-,+,-,-,-,+,+,0,+,-,-,+,-,-,0,0,-,0,0,0,+,"-,+",-,+,-,+,-,-,+,-,-,-,0,-,-,0
õũ,0,-,+,-,-,-,+,+,0,+,-,-,+,-,+,+,-,-,0,0,0,+,"-,+",-,-,+,+,-,-,+,-,-,-,0,-,-,0
x̥,0,-,-,-,-,+,-,+,+,-,-,-,-,-,-,0,0,-,0,0,0,+,+,-,-,-,0,0,0,-,-,-,-,-,-,-,-
z̥,0,-,-,-,-,+,-,+,+,-,-,-,-,-,-,0,0,+,+,-,+,-,0,0,0,0,0,0,0,-,-,-,-,-,-,-,-
ɣ̥,0,-,-,-,-,+,-,+,+,-,-,-,-,-,-,0,0,-,0,0,0,+,+,-,-,-,0,0,0,-,-,-,-,-,-,-,-
i̙,0,-,+,-,-,-,+,+,0,+,-,-,-,-,-,0,0,-,0,0,0,+,+,-,+,-,+,+,-,+,-,-,-,0,-,-,0
u̙,0,-,+,-,-,-,+,+,0,+,-,-,-,-,+,+,-,-,0,0,0,+,+,-,-,+,+,+,-,+,-,-,-,0,-,-,0
t̺,0,-,-,-,-,+,-,-,-,-,-,-,-,-,-,0,0,+,+,-,-,-,0,0,0,0,0,0,0,-,-,-,-,-,-,-,-
ɲᶣ,0,-,-,-,-,+,+,-,0,-,-,-,+,-,+,+,-,+,-,+,-,+,+,-,+,-,0,0,0,+,-,-,-,-,-,-,-
kpʲ,0,-,-,-,-,+,-,-,-,-,-,-,-,-,+,-,-,-,0,0,0,+,+,-,+,-,0,0,0,-,-,-,-,-,-,-,-
ɡbʲ,0,-,-,-,-,+,-,-,-,-,-,-,-,-,+,-,-,-,0,0,0,+,+,-,+,-,0,0,0,+,-,-,-,-,-,-,-
d̤z̤,0,-,-,-,-,+,-,-,+,-,-,-,-,-,-,0,0,+,+,-,+,-,0,0,0,0,0,0,0,+,-,+,-,-,-,-,-
w̤,0,-,-,-,-,-,+,+,0,+,-,-,-,-,+,+,-,-,0,0,0,+,+,-,-,+,+,0,0,+,-,+,-,-,-,-,-
eʲ,0,-,+,-,-,-,+,+,0,+,-,-,-,-,-,0,0,-,0,0,0,+,+,-,+,-,+,-,-,+,-,-,-,0,-,-,0
sʷʲ,0,-,-,-,-,+,-,+,+,-,-,-,-,-,+,+,-,+,+,-,+,+,+,-,+,-,0,0,0,-,-,-,-,-,-,-,-
d̤ʒ̤,0,-,-,-,-,+,-,-,+,-,-,-,-,-,-,0,0,+,-,+,+,-,0,0,0,0,0,0,0,+,-,+,-,-,-,-,-
r̤,0,-,-,-,-,+,+,+,0,+,-,+,-,-,-,0,0,+,+,-,-,-,0,0,0,0,0,0,0,+,-,+,-,-,-,-,-
ɦ̤,0,-,-,-,-,-,-,+,+,-,-,-,-,-,-,0,0,-,0,0,0,-,0,0,0,0,0,0,0,+,-,+,-,-,-,-,-
d̠̤ʒ̤,0,-,-,-,-,+,-,-,+,-,-,-,-,-,-,0,0,+,-,+,+,-,0,0,0,0,0,0,0,+,-,+,-,-,-,-,-
ɟ̤,0,-,-,-,-,+,-,-,-,-,-,-,-,-,-,0,0,+,-,+,-,+,+,-,+,-,0,0,0,+,-,+,-,-,-,-,-
ɲ̤,0,-,-,-,-,+,+,-,0,-,-,-,+,-,-,0,0,+,-,+,-,+,+,-,+,-,0,0,0,+,-,+,-,-,-,-,-
ᶑʼ,0,-,-,-,-,+,-,-,-,-,-,-,-,-,-,0,0,+,-,-,-,-,0,0,0,0,0,0,0,-,-,-,+,-,+,-,-
ŋ̊ǃ,0,-,-,-,-,+,"+,-",-,-,-,-,-,"+,-",-,-,0,0,"-,+",+,-,-,"+,-",+,-,-,-,0,0,0,-,-,-,-,-,-,-,"-,+"
eˤ,0,-,+,-,-,-,+,+,0,+,-,-,-,-,-,0,0,-,0,0,0,+,-,-,+,-,+,+,-,+,-,-,-,0,-,-,0
oˤ,0,-,+,-,-,-,+,+,0,+,-,-,-,-,+,+,-,-,0,0,0,+,-,-,-,+,+,+,-,+,-,-,-,0,-,-,0
d̠ʒʰ,0,-,-,-,-,+,-,-,+,-,-,-,-,-,-,0,0,+,-,+,+,-,0,0,0,0,0,0,0,-,-,+,-,-,-,-,-
kǀʰʼ,0,-,-,-,-,+,-,-,-,-,-,-,-,-,-,0,0,"-,+",+,+,-,"+,-",+,-,-,-,0,0,0,-,-,-,"-,+",-,"-,+",-,"-,+"
kǁʼ,0,-,-,-,-,+,-,-,-,-,-,-,-,"-,+",-,0,0,"-,+",+,-,-,"+,-",+,-,-,-,0,0,0,-,-,-,"-,+",-,"-,+",-,"-,+"
kǃʼ,0,-,-,-,-,+,-,-,-,-,-,-,-,-,-,0,0,"-,+",+,-,-,"+,-",+,-,-,-,0,0,0,-,-,-,"-,+",-,"-,+",-,"-,+"
k‼ʼ,0,-,-,-,-,+,-,-,-,-,-,-,-,-,-,0,0,"-,+",-,-,-,"+,-",+,-,-,-,0,0,0,-,-,-,"-,+",-,"-,+",-,"-,+"
tʰʼ,0,-,-,-,-,+,-,-,-,-,-,-,-,-,-,0,0,+,+,-,-,-,0,0,0,0,0,0,0,-,-,-,+,-,+,-,-
t̠ʃx,0,-,-,-,-,+,-,-,+,-,-,-,-,-,-,0,0,+,-,+,+,+,+,-,-,-,0,0,0,-,-,-,-,-,-,-,-
ŋʱ,0,-,-,-,-,+,+,-,0,-,-,-,+,-,-,0,0,-,0,0,0,+,+,-,-,-,0,0,0,+,-,+,-,-,-,-,-
b͉,0,-,-,-,-,+,-,-,-,-,-,-,-,-,+,-,-,-,0,0,0,-,0,0,0,0,0,0,0,+,-,-,-,-,-,-,-
ˀb͉,0,-,-,-,-,+,-,-,-,-,-,-,-,-,+,-,-,-,0,0,0,-,0,0,0,0,0,0,0,+,-,-,"+,-",-,-,-,-
i̞,0,-,+,-,-,-,+,+,0,+,-,-,-,-,-,0,0,-,0,0,0,+,+,-,+,-,0,-,-,+,-,-,-,0,-,-,0
i̞ː,0,-,+,-,+,-,+,+,0,+,-,-,-,-,-,0,0,-,0,0,0,+,+,-,+,-,0,-,-,+,-,-,-,0,-,-,0
ɔ̝,0,-,+,-,-,-,+,+,0,+,-,-,-,-,+,+,-,-,0,0,0,+,-,-,-,+,0,-,-,+,-,-,-,0,-,-,0
ɔ̝ː,0,-,+,-,+,-,+,+,0,+,-,-,-,-,+,+,-,-,0,0,0,+,-,-,-,+,0,-,-,+,-,-,-,0,-,-,0
ɛ̝,0,-,+,-,-,-,+,+,0,+,-,-,-,-,-,0,0,-,0,0,0,+,-,-,+,-,0,-,-,+,-,-,-,0,-,-,0
ɛ̝ː,0,-,+,-,+,-,+,+,0,+,-,-,-,-,-,0,0,-,0,0,0,+,-,-,+,-,0,-,-,+,-,-,-,0,-,-,0
å,0,-,+,-,-,-,+,+,0,+,-,-,-,-,-,0,0,-,0,0,0,+,-,+,-,-,0,-,-,-,-,-,-,0,-,-,0
dᶣ,0,-,-,-,-,+,-,-,-,-,-,-,-,-,+,+,-,+,+,-,-,+,+,-,+,-,0,0,0,+,-,-,-,-,-,-,-
lʷʲ,0,-,-,-,-,+,+,+,0,+,-,-,-,+,+,+,-,+,+,-,-,+,+,-,+,-,0,0,0,+,-,-,-,-,-,-,-
ɡʷʲ,0,-,-,-,-,+,-,-,-,-,-,-,-,-,+,+,-,-,0,0,0,+,+,-,+,-,0,0,0,+,-,-,-,-,-,-,-
j̥ʷ,0,-,-,-,-,-,+,+,0,+,-,-,-,-,+,+,-,-,0,0,0,+,+,-,+,-,+,0,0,-,-,-,-,-,-,-,-
tɕʷ,0,-,-,-,-,+,-,"-,+","-,+",-,-,-,-,-,"-,+",+,-,+,+,"-,+","-,+","-,+",+,-,+,-,0,0,0,-,-,-,-,-,-,-,-
d̺,0,-,-,-,-,+,-,-,-,-,-,-,-,-,-,0,0,+,+,-,-,-,0,0,0,0,0,0,0,+,-,-,-,-,-,-,-
d̺ː,0,-,-,-,+,+,-,-,-,-,-,-,-,-,-,0,0,+,+,-,-,-,0,0,0,0,0,0,0,+,-,-,-,-,-,-,-
t̺ː,0,-,-,-,+,+,-,-,-,-,-,-,-,-,-,0,0,+,+,-,-,-,0,0,0,0,0,0,0,-,-,-,-,-,-,-,-
z̺,0,-,-,-,-,+,-,+,+,-,-,-,-,-,-,0,0,+,+,-,+,-,0,0,0,0,0,0,0,+,-,-,-,-,-,-,-
d̪̚,0,-,-,-,-,+,-,-,-,-,-,-,-,-,-,0,0,+,+,+,-,-,0,0,0,0,0,0,0,+,-,-,-,-,-,-,-
m̤ʱ,0,-,-,-,-,+,+,-,0,-,-,-,+,-,+,-,-,-,0,0,0,-,0,0,0,0,0,0,0,+,-,+,-,-,-,-,-
n̤ʱ,0,-,-,-,-,+,+,-,0,-,-,-,+,-,-,0,0,+,+,-,-,-,0,0,0,0,0,0,0,+,-,+,-,-,-,-,-
ŋ̤ʱ,0,-,-,-,-,+,+,-,0,-,-,-,+,-,-,0,0,-,0,0,0,+,+,-,-,-,0,0,0,+,-,+,-,-,-,-,-
ɲ̤ʱ,0,-,-,-,-,+,+,-,0,-,-,-,+,-,-,0,0,+,-,+,-,+,+,-,+,-,0,0,0,+,-,+,-,-,-,-,-
bˠ,0,-,-,-,-,+,-,-,-,-,-,-,-,-,+,-,-,-,0,0,0,+,+,-,-,-,0,0,0,+,-,-,-,-,-,-,-
hᶣ,0,-,-,-,-,-,-,+,+,-,-,-,-,-,+,+,-,-,0,0,0,+,+,-,+,-,0,0,0,-,-,+,-,-,-,-,-
rˀ,0,-,-,-,-,+,+,+,0,+,-,+,-,-,-,0,0,+,+,-,-,-,0,0,0,0,0,0,0,+,-,-,+,-,-,-,-
zˀ,0,-,-,-,-,+,-,+,+,-,-,-,-,-,-,0,0,+,+,-,+,-,0,0,0,0,0,0,0,+,-,-,+,-,-,-,-
ɣˀ,0,-,-,-,-,+,-,+,+,-,-,-,-,-,-,0,0,-,0,0,0,+,+,-,-,-,0,0,0,+,-,-,+,-,-,-,-
k̙,0,-,-,-,-,+,-,-,-,-,-,-,-,-,-,0,0,-,0,0,0,+,+,-,-,-,0,+,-,-,-,-,-,-,-,-,-
j̤,0,-,-,-,-,-,+,+,0,+,-,-,-,-,-,0,0,-,0,0,0,+,+,-,+,-,+,0,0,+,-,+,-,-,-,-,-
æ̞̃,0,-,+,-,-,-,+,+,0,+,-,-,+,-,-,0,0,-,0,0,0,+,-,+,+,-,0,-,-,+,-,-,-,0,-,-,0
t̪̰,0,-,-,-,-,+,-,-,-,-,-,-,-,-,-,0,0,+,+,+,-,-,0,0,0,0,0,0,0,+,-,-,+,-,-,-,-
ä,0,-,+,-,-,-,+,+,0,+,-,-,-,-,-,0,0,-,0,0,0,+,-,+,-,-,0,-,-,+,-,-,-,0,-,-,0
ë̞,0,-,+,-,-,-,+,+,0,+,-,-,-,-,-,0,0,-,0,0,0,+,-,-,0,-,0,-,-,+,-,-,-,0,-,-,0
ö̞,0,-,+,-,-,-,+,+,0,+,-,-,-,-,+,+,-,-,0,0,0,+,-,-,-,0,0,-,-,+,-,-,-,0,-,-,0
c̤,0,-,-,-,-,+,-,-,-,-,-,-,-,-,-,0,0,+,-,+,-,+,+,-,+,-,0,0,0,+,-,+,-,-,-,-,-
d̤z,0,-,-,-,-,+,-,-,+,-,-,-,-,-,-,0,0,+,+,-,+,-,0,0,0,0,0,0,0,+,-,+,-,-,-,-,-
ɳ̤,0,-,-,-,-,+,+,-,0,-,-,-,+,-,-,0,0,+,-,-,-,-,0,0,0,0,0,0,0,+,-,+,-,-,-,-,-
aʲ,0,-,+,-,-,-,+,+,0,+,-,-,-,-,-,0,0,-,0,0,0,+,+,-,+,-,0,-,-,+,-,-,-,0,-,-,0
aʲː,0,-,+,-,+,-,+,+,0,+,-,-,-,-,-,0,0,-,0,0,0,+,+,-,+,-,0,-,-,+,-,-,-,0,-,-,0
oʲ,0,-,+,-,-,-,+,+,0,+,-,-,-,-,+,+,-,-,0,0,0,+,+,-,+,-,+,-,-,+,-,-,-,0,-,-,0
õʲ,0,-,+,-,-,-,+,+,0,+,-,-,+,-,+,+,-,-,0,0,0,+,+,-,+,-,+,-,-,+,-,-,-,0,-,-,0
aʱ,0,-,+,-,-,-,+,+,0,+,-,-,-,-,-,0,0,-,0,0,0,+,-,+,-,-,0,-,-,+,-,+,-,0,-,-,0
eʱ,0,-,+,-,-,-,+,+,0,+,-,-,-,-,-,0,0,-,0,0,0,+,-,-,+,-,+,-,-,+,-,+,-,0,-,-,0
iʱ,0,-,+,-,-,-,+,+,0,+,-,-,-,-,-,0,0,-,0,0,0,+,+,-,+,-,+,-,-,+,-,+,-,0,-,-,0
uʱ,0,-,+,-,-,-,+,+,0,+,-,-,-,-,+,+,-,-,0,0,0,+,+,-,-,+,+,-,-,+,-,+,-,0,-,-,0
d̙ˤ,0,-,-,-,-,+,-,-,-,-,-,-,-,-,-,0,0,+,+,-,-,-,0,0,0,0,0,+,-,+,-,-,-,-,-,-,-
d̪ʒ,0,-,-,-,-,+,-,-,+,-,-,-,-,-,-,0,0,+,+,+,+,-,0,0,0,0,0,0,0,+,-,-,-,-,-,-,-
s̙ˤ,0,-,-,-,-,+,-,+,+,-,-,-,-,-,-,0,0,+,+,-,+,-,0,0,0,0,0,+,-,-,-,-,-,-,-,-,-
t̪̙ˤ,0,-,-,-,-,+,-,-,-,-,-,-,-,-,-,0,0,+,+,+,-,-,0,0,0,0,0,+,-,-,-,-,-,-,-,-,-
ð̪,0,-,-,-,-,+,-,+,+,-,-,-,-,-,-,0,0,+,+,+,-,-,0,0,0,0,0,0,0,+,-,-,-,-,-,-,-
ð̪̙ˤ,0,-,-,-,-,+,-,+,+,-,-,-,-,-,-,0,0,+,+,+,-,-,0,0,0,0,0,+,-,+,-,-,-,-,-,-,-
θ̪,0,-,-,-,-,+,-,+,+,-,-,-,-,-,-,0,0,+,+,+,-,-,0,0,0,0,0,0,0,-,-,-,-,-,-,-,-
ȵ,0,-,-,-,-,+,+,-,0,-,-,-,+,-,-,0,0,+,+,+,-,+,+,-,+,-,0,0,0,+,-,-,-,-,-,-,-
c̻,0,-,-,-,-,+,-,-,-,-,-,-,-,-,-,0,0,+,-,+,-,+,+,-,+,-,0,0,0,-,-,-,-,-,-,-,-
ɭ̺,0,-,-,-,-,+,+,+,0,+,-,-,-,+,-,0,0,+,-,-,-,-,0,0,0,0,0,0,0,+,-,-,-,-,-,-,-
ɲ̻,0,-,-,-,-,+,+,-,0,-,-,-,+,-,-,0,0,+,-,+,-,+,+,-,+,-,0,0,0,+,-,-,-,-,-,-,-
ɳ̺,0,-,-,-,-,+,+,-,0,-,-,-,+,-,-,0,0,+,-,-,-,-,0,0,0,0,0,0,0,+,-,-,-,-,-,-,-
ɻ̺,0,-,-,-,-,+,+,+,0,+,-,-,-,-,-,0,0,+,-,-,-,-,0,0,0,0,0,0,0,+,-,-,-,-,-,-,-
ʈ̺,0,-,-,-,-,+,-,-,-,-,-,-,-,-,-,0,0,+,-,-,-,-,0,0,0,0,0,0,0,-,-,-,-,-,-,-,-
ʎ̻,0,-,-,-,-,+,+,+,0,+,-,-,-,+,-,0,0,+,-,+,-,+,+,-,+,-,0,0,0,+,-,-,-,-,-,-,-
s̪̻,0,-,-,-,-,+,-,+,+,-,-,-,-,-,-,0,0,+,+,+,+,-,0,0,0,0,0,0,0,-,-,-,-,-,-,-,-
t̪̻s̪̻,0,-,-,-,-,+,-,-,+,-,-,-,-,-,-,0,0,+,+,+,+,-,0,0,0,0,0,0,0,-,-,-,-,-,-,-,-
bʱː,0,-,-,-,+,+,-,-,-,-,-,-,-,-,+,-,-,-,0,0,0,-,0,0,0,0,0,0,0,+,-,+,-,-,-,-,-
d̪ʱː,0,-,-,-,+,+,-,-,-,-,-,-,-,-,-,0,0,+,+,+,-,-,0,0,0,0,0,0,0,+,-,+,-,-,-,-,-
oo,0,-,+,-,-,-,+,+,0,+,-,-,-,-,+,+,-,-,0,0,0,+,-,-,-,+,+,-,-,+,-,-,-,0,-,-,0
d̟,0,-,-,-,-,+,-,-,-,-,-,-,-,-,-,0,0,+,+,-,-,-,0,0,0,0,0,0,0,+,-,-,-,-,-,-,-
d̟z̟,0,-,-,-,-,+,-,-,+,-,-,-,-,-,-,0,0,+,+,-,+,-,0,0,0,0,0,0,0,+,-,-,-,-,-,-,-
d̟ʒ̟,0,-,-,-,-,+,-,-,+,-,-,-,-,-,-,0,0,+,+,+,+,-,0,0,0,0,0,0,0,+,-,-,-,-,-,-,-
l̟,0,-,-,-,-,+,+,+,0,+,-,-,-,+,-,0,0,+,+,-,-,-,0,0,0,0,0,0,0,+,-,-,-,-,-,-,-
r̟,0,-,-,-,-,+,+,+,0,+,-,+,-,-,-,0,0,+,+,-,-,-,0,0,0,0,0,0,0,+,-,-,-,-,-,-,-
s̟,0,-,-,-,-,+,-,+,+,-,-,-,-,-,-,0,0,+,+,-,+,-,0,0,0,0,0,0,0,-,-,-,-,-,-,-,-
t̟,0,-,-,-,-,+,-,-,-,-,-,-,-,-,-,0,0,+,+,-,-,-,0,0,0,0,0,0,0,-,-,-,-,-,-,-,-
t̟s̟,0,-,-,-,-,+,-,-,+,-,-,-,-,-,-,0,0,+,+,-,+,-,0,0,0,0,0,0,0,-,-,-,-,-,-,-,-
t̟ʃ̟,0,-,-,-,-,+,-,-,+,-,-,-,-,-,-,0,0,+,+,+,+,-,0,0,0,0,0,0,0,-,-,-,-,-,-,-,-
z̟,0,-,-,-,-,+,-,+,+,-,-,-,-,-,-,0,0,+,+,-,+,-,0,0,0,0,0,0,0,+,-,-,-,-,-,-,-
d̪ð̪,0,-,-,-,-,+,-,-,+,-,-,-,-,-,-,0,0,+,+,+,-,-,0,0,0,0,0,0,0,+,-,-,-,-,-,-,-
t̪θ̪,0,-,-,-,-,+,-,-,+,-,-,-,-,-,-,0,0,+,+,+,-,-,0,0,0,0,0,0,0,-,-,-,-,-,-,-,-
äi,0,-,+,-,-,-,+,+,0,+,-,-,-,-,-,0,0,-,0,0,0,+,"-,+","+,-","-,+",-,+,-,-,+,-,-,-,0,-,-,0
u̽i,0,-,+,-,-,-,+,+,0,+,-,-,-,-,"+,-",+,-,-,0,0,0,+,+,-,"-,+",-,+,-,-,+,-,-,-,0,-,-,0
a̞,0,-,+,-,-,-,+,+,0,+,-,-,-,-,-,0,0,-,0,0,0,+,-,+,-,-,0,-,-,+,-,-,-,0,-,-,0
ʊ̟,0,-,+,-,-,-,+,+,0,+,-,-,-,-,+,+,-,-,0,0,0,+,+,-,-,0,-,-,-,+,-,-,-,0,-,-,0
b̥,0,-,-,-,-,+,-,-,-,-,-,-,-,-,+,-,-,-,0,0,0,-,0,0,0,0,0,0,0,-,-,-,-,-,-,-,-
b̥ʰ,0,-,-,-,-,+,-,-,-,-,-,-,-,-,+,-,-,-,0,0,0,-,0,0,0,0,0,0,0,-,-,+,-,-,-,-,-
d̥,0,-,-,-,-,+,-,-,-,-,-,-,-,-,-,0,0,+,+,-,-,-,0,0,0,0,0,0,0,-,-,-,-,-,-,-,-
d̥z̥,0,-,-,-,-,+,-,-,+,-,-,-,-,-,-,0,0,+,+,-,+,-,0,0,0,0,0,0,0,-,-,-,-,-,-,-,-
ɡ̊,0,-,-,-,-,+,-,-,-,-,-,-,-,-,-,0,0,-,0,0,0,+,+,-,-,-,0,0,0,-,-,-,-,-,-,-,-
ɡ̊ʰ,0,-,-,-,-,+,-,-,-,-,-,-,-,-,-,0,0,-,0,0,0,+,+,-,-,-,0,0,0,-,-,+,-,-,-,-,-
i̯œ̞,0,-,"-,+",-,-,-,+,+,0,+,-,-,-,-,"-,+",+,-,-,0,0,0,+,"+,-",-,+,-,"+,-",-,-,+,-,-,-,0,-,-,0
c̠,0,-,-,-,-,+,-,-,-,-,-,-,-,-,-,0,0,+,-,+,-,+,+,-,+,-,0,0,0,-,-,-,-,-,-,-,-
ɲ̠,0,-,-,-,-,+,+,-,0,-,-,-,+,-,-,0,0,+,-,+,-,+,+,-,+,-,0,0,0,+,-,-,-,-,-,-,-
ɚ,0,-,+,-,-,-,+,+,0,+,-,-,-,-,-,0,0,+,+,+,+,+,-,-,-,-,-,-,-,+,-,-,-,0,-,-,0
x͉,0,-,-,-,-,+,-,+,+,-,-,-,-,-,-,0,0,-,0,0,0,+,+,-,-,-,0,0,0,-,-,-,-,-,-,-,-
d̤ʒ̤ː,0,-,-,-,+,+,-,-,+,-,-,-,-,-,-,0,0,+,-,+,+,-,0,0,0,0,0,0,0,+,-,+,-,-,-,-,-
z̻ː,0,-,-,-,+,+,-,+,+,-,-,-,-,-,-,0,0,+,+,+,+,-,0,0,0,0,0,0,0,+,-,-,-,-,-,-,-
d̠z̠ʲ,0,-,-,-,-,+,-,-,+,-,-,-,-,-,-,0,0,+,-,+,+,+,+,-,+,-,0,0,0,+,-,-,-,-,-,-,-
l̠ʲ,0,-,-,-,-,+,+,+,0,+,-,-,-,+,-,0,0,+,-,+,-,+,+,-,+,-,0,0,0,+,-,-,-,-,-,-,-
n̠ʲ,0,-,-,-,-,+,+,-,0,-,-,-,+,-,-,0,0,+,-,+,-,+,+,-,+,-,0,0,0,+,-,-,-,-,-,-,-
pˠʰ,0,-,-,-,-,+,-,-,-,-,-,-,-,-,+,-,-,-,0,0,0,+,+,-,-,-,0,0,0,-,-,+,-,-,-,-,-
t̠s̠ʲʰ,0,-,-,-,-,+,-,-,+,-,-,-,-,-,-,0,0,+,-,+,+,+,+,-,+,-,0,0,0,-,-,+,-,-,-,-,-
d̪z̪ː,0,-,-,-,+,+,-,-,+,-,-,-,-,-,-,0,0,+,+,+,+,-,0,0,0,0,0,0,0,+,-,-,-,-,-,-,-
t̪s̪ː,0,-,-,-,+,+,-,-,+,-,-,-,-,-,-,0,0,+,+,+,+,-,0,0,0,0,0,0,0,-,-,-,-,-,-,-,-
t͉ɕ͉,0,-,-,-,-,+,-,"-,+","-,+",-,-,-,-,-,-,0,0,+,+,"-,+","-,+","-,+",+,-,+,-,0,0,0,-,-,-,-,-,-,-,-
ŋ̊,0,-,-,-,-,+,+,-,0,-,-,-,+,-,-,0,0,-,0,0,0,+,+,-,-,-,0,0,0,-,-,-,-,-,-,-,-
ɲ̊,0,-,-,-,-,+,+,-,0,-,-,-,+,-,-,0,0,+,-,+,-,+,+,-,+,-,0,0,0,-,-,-,-,-,-,-,-
d̟ʑ̟,0,-,-,-,-,+,-,"-,+","-,+",-,-,-,-,-,-,0,0,+,+,"-,+","-,+","-,+",+,-,+,-,0,0,0,+,-,-,-,-,-,-,-
t̟ɕ̟,0,-,-,-,-,+,-,"-,+","-,+",-,-,-,-,-,-,0,0,+,+,"-,+","-,+","-,+",+,-,+,-,0,0,0,-,-,-,-,-,-,-,-
ɕ̟,0,-,-,-,-,+,-,+,+,-,-,-,-,-,-,0,0,+,+,+,+,+,+,-,+,-,0,0,0,-,-,-,-,-,-,-,-
ɕ̟ː,0,-,-,-,+,+,-,+,+,-,-,-,-,-,-,0,0,+,+,+,+,+,+,-,+,-,0,0,0,-,-,-,-,-,-,-,-
d̠ːʒ,0,-,-,-,+,+,-,-,+,-,-,-,-,-,-,0,0,+,-,+,+,-,0,0,0,0,0,0,0,+,-,-,-,-,-,-,-
t̠͉ʃ,0,-,-,-,-,+,-,-,+,-,-,-,-,-,-,0,0,+,-,+,+,-,0,0,0,0,0,0,0,-,-,-,-,-,-,-,-
ʑ̟,0,-,-,-,-,+,-,+,+,-,-,-,-,-,-,0,0,+,+,+,+,+,+,-,+,-,0,0,0,+,-,-,-,-,-,-,-
əɪ,0,-,+,-,-,-,+,+,0,+,-,-,-,-,-,0,0,-,0,0,0,+,"-,+",-,"-,+",-,-,-,-,+,-,-,-,0,-,-,0
c̻̟,0,-,-,-,-,+,-,-,-,-,-,-,-,-,-,0,0,+,+,+,-,+,+,-,+,-,0,0,0,-,-,-,-,-,-,-,-
ɲ̻̟,0,-,-,-,-,+,+,-,0,-,-,-,+,-,-,0,0,+,+,+,-,+,+,-,+,-,0,0,0,+,-,-,-,-,-,-,-
ʎ̻̟,0,-,-,-,-,+,+,+,0,+,-,-,-,+,-,0,0,+,+,+,-,+,+,-,+,-,0,0,0,+,-,-,-,-,-,-,-
i̩ː,0,-,+,-,+,-,+,+,0,+,-,-,-,-,-,0,0,-,0,0,0,+,+,-,+,-,+,-,-,+,-,-,-,0,-,-,0
ɔˤː,0,-,+,-,+,-,+,+,0,+,-,-,-,-,+,+,-,-,0,0,0,+,-,-,-,+,-,+,-,+,-,-,-,0,-,-,0
ʊˤː,0,-,+,-,+,-,+,+,0,+,-,-,-,-,+,+,-,-,0,0,0,+,+,-,-,+,-,+,-,+,-,-,-,0,-,-,0
ɤ̟̹,0,-,+,-,-,-,+,+,0,+,-,-,-,-,-,0,0,-,0,0,0,+,-,-,-,0,+,-,-,+,-,-,-,0,-,-,0
l̺,0,-,-,-,-,+,+,+,0,+,-,-,-,+,-,0,0,+,+,-,-,-,0,0,0,0,0,0,0,+,-,-,-,-,-,-,-
t̪̺,0,-,-,-,-,+,-,-,-,-,-,-,-,-,-,0,0,+,+,-,-,-,0,0,0,0,0,0,0,-,-,-,-,-,-,-,-
ð̪̺,0,-,-,-,-,+,-,+,+,-,-,-,-,-,-,0,0,+,+,-,-,-,0,0,0,0,0,0,0,+,-,-,-,-,-,-,-
j̊,0,-,-,-,-,-,+,+,0,+,-,-,-,-,-,0,0,-,0,0,0,+,+,-,+,-,+,0,0,-,-,-,-,-,-,-,-
äː,0,-,+,-,+,-,+,+,0,+,-,-,-,-,-,0,0,-,0,0,0,+,-,+,-,-,0,-,-,+,-,-,-,0,-,-,0
d̺ʱ,0,-,-,-,-,+,-,-,-,-,-,-,-,-,-,0,0,+,+,-,-,-,0,0,0,0,0,0,0,+,-,+,-,-,-,-,-
n̪ʱ,0,-,-,-,-,+,+,-,0,-,-,-,+,-,-,0,0,+,+,+,-,-,0,0,0,0,0,0,0,+,-,+,-,-,-,-,-
t̺ʰ,0,-,-,-,-,+,-,-,-,-,-,-,-,-,-,0,0,+,+,-,-,-,0,0,0,0,0,0,0,-,-,+,-,-,-,-,-
r̺̥,0,-,-,-,-,+,+,+,0,+,-,+,-,-,-,0,0,+,+,-,-,-,0,0,0,0,0,0,0,-,-,-,-,-,-,-,-
ɾ̺,0,-,-,-,-,+,+,+,0,+,+,-,-,-,-,0,0,+,+,-,-,-,0,0,0,0,0,0,0,+,-,-,-,-,-,-,-
d̪z,0,-,-,-,-,+,-,-,+,-,-,-,-,-,-,0,0,+,+,+,+,-,0,0,0,0,0,0,0,+,-,-,-,-,-,-,-
b̥ː,0,-,-,-,+,+,-,-,-,-,-,-,-,-,+,-,-,-,0,0,0,-,0,0,0,0,0,0,0,-,-,-,-,-,-,-,-
d̥z̥ʲ,0,-,-,-,-,+,-,-,+,-,-,-,-,-,-,0,0,+,+,-,+,+,+,-,+,-,0,0,0,-,-,-,-,-,-,-,-
d̥ʑ̥,0,-,-,-,-,+,-,"-,+","-,+",-,-,-,-,-,-,0,0,+,+,"-,+","-,+","-,+",+,-,+,-,0,0,0,-,-,-,-,-,-,-,-
d̥ː,0,-,-,-,+,+,-,-,-,-,-,-,-,-,-,0,0,+,+,-,-,-,0,0,0,0,0,0,0,-,-,-,-,-,-,-,-
ɡ̊ː,0,-,-,-,+,+,-,-,-,-,-,-,-,-,-,0,0,-,0,0,0,+,+,-,-,-,0,0,0,-,-,-,-,-,-,-,-
o̞ä,0,-,+,-,-,-,+,+,0,+,-,-,-,-,"+,-",+,-,-,0,0,0,+,-,"-,+",-,"+,-",0,-,-,+,-,-,-,0,-,-,0
uä,0,-,+,-,-,-,+,+,0,+,-,-,-,-,"+,-",+,-,-,0,0,0,+,"+,-","-,+",-,"+,-",+,-,-,+,-,-,-,0,-,-,0
ue̞,0,-,+,-,-,-,+,+,0,+,-,-,-,-,"+,-",+,-,-,0,0,0,+,"+,-",-,"-,+","+,-",+,-,-,+,-,-,-,0,-,-,0
d̠ʲ,0,-,-,-,-,+,-,-,-,-,-,-,-,-,-,0,0,+,+,-,-,+,+,-,+,-,0,0,0,+,-,-,-,-,-,-,-
pˠ,0,-,-,-,-,+,-,-,-,-,-,-,-,-,+,-,-,-,0,0,0,+,+,-,-,-,0,0,0,-,-,-,-,-,-,-,-
t̠ʲ,0,-,-,-,-,+,-,-,-,-,-,-,-,-,-,0,0,+,+,-,-,+,+,-,+,-,0,0,0,-,-,-,-,-,-,-,-
bʰ,0,-,-,-,-,+,-,-,-,-,-,-,-,-,+,-,-,-,0,0,0,-,0,0,0,0,0,0,0,-,-,+,-,-,-,-,-
d̪ʰ,0,-,-,-,-,+,-,-,-,-,-,-,-,-,-,0,0,+,+,+,-,-,0,0,0,0,0,0,0,-,-,+,-,-,-,-,-
ɖʰ,0,-,-,-,-,+,-,-,-,-,-,-,-,-,-,0,0,+,-,-,-,-,0,0,0,0,0,0,0,-,-,+,-,-,-,-,-
ɟʰ,0,-,-,-,-,+,-,-,-,-,-,-,-,-,-,0,0,+,-,+,-,+,+,-,+,-,0,0,0,-,-,+,-,-,-,-,-
ɡʰ,0,-,-,-,-,+,-,-,-,-,-,-,-,-,-,0,0,-,0,0,0,+,+,-,-,-,0,0,0,-,-,+,-,-,-,-,-
ɯ̝,0,-,+,-,-,-,+,+,0,+,-,-,-,-,-,0,0,-,0,0,0,+,+,-,-,+,+,-,-,+,-,-,-,0,-,-,0
ɟ̟,0,-,-,-,-,+,-,-,-,-,-,-,-,-,-,0,0,+,+,+,-,+,+,-,+,-,0,0,0,+,-,-,-,-,-,-,-
ɨ̹,0,-,+,-,-,-,+,+,0,+,-,-,-,-,-,0,0,-,0,0,0,+,+,-,-,-,+,-,-,+,-,-,-,0,-,-,0
v̥,0,-,-,-,-,+,-,+,+,-,-,-,-,-,+,-,+,-,0,0,0,-,0,0,0,0,0,0,0,-,-,-,-,-,-,-,-
ɣ̊,0,-,-,-,-,+,-,+,+,-,-,-,-,-,-,0,0,-,0,0,0,+,+,-,-,-,0,0,0,-,-,-,-,-,-,-,-
ʒ̊,0,-,-,-,-,+,-,+,+,-,-,-,-,-,-,0,0,+,-,+,+,-,0,0,0,0,0,0,0,-,-,-,-,-,-,-,-
äu̯,0,-,"+,-",-,-,-,+,+,0,+,-,-,-,-,"-,+",+,-,-,0,0,0,+,"-,+","+,-",-,"-,+",+,-,-,+,-,-,-,0,-,-,0
äi̯,0,-,"+,-",-,-,-,+,+,0,+,-,-,-,-,-,0,0,-,0,0,0,+,"-,+","+,-","-,+",-,+,-,-,+,-,-,-,0,-,-,0
e̞u̯,0,-,"+,-",-,-,-,+,+,0,+,-,-,-,-,"-,+",+,-,-,0,0,0,+,"-,+",-,"+,-","-,+",+,-,-,+,-,-,-,0,-,-,0
o̞i̯,0,-,"+,-",-,-,-,+,+,0,+,-,-,-,-,"+,-",+,-,-,0,0,0,+,"-,+",-,"-,+","+,-",+,-,-,+,-,-,-,0,-,-,0
d̺̥,0,-,-,-,-,+,-,-,-,-,-,-,-,-,-,0,0,+,+,-,-,-,0,0,0,0,0,0,0,-,-,-,-,-,-,-,-
t̺ʼ,0,-,-,-,-,+,-,-,-,-,-,-,-,-,-,0,0,+,+,-,-,-,0,0,0,0,0,0,0,-,-,-,+,-,+,-,-
ɡ̊ʷ,0,-,-,-,-,+,-,-,-,-,-,-,-,-,+,+,-,-,0,0,0,+,+,-,-,-,0,0,0,-,-,-,-,-,-,-,-
ɑ̝̹,0,-,+,-,-,-,+,+,0,+,-,-,-,-,-,0,0,-,0,0,0,+,-,0,-,+,0,-,-,+,-,-,-,0,-,-,0
ä̠,0,-,+,-,-,-,+,+,0,+,-,-,-,-,-,0,0,-,-,+,0,+,-,+,-,-,0,-,-,+,-,-,-,0,-,-,0
ä̠ː,0,-,+,-,+,-,+,+,0,+,-,-,-,-,-,0,0,-,-,+,0,+,-,+,-,-,0,-,-,+,-,-,-,0,-,-,0
ɑ̟ː,0,-,+,-,+,-,+,+,0,+,-,-,-,-,-,0,0,-,0,0,0,+,-,+,-,0,0,-,-,+,-,-,-,0,-,-,0
s̠,0,-,-,-,-,+,-,+,+,-,-,-,-,-,-,0,0,+,-,+,+,-,0,0,0,0,0,0,0,-,-,-,-,-,-,-,-
d̪̺,0,-,-,-,-,+,-,-,-,-,-,-,-,-,-,0,0,+,+,-,-,-,0,0,0,0,0,0,0,+,-,-,-,-,-,-,-
s̺̠,0,-,-,-,-,+,-,+,+,-,-,-,-,-,-,0,0,+,-,+,+,-,0,0,0,0,0,0,0,-,-,-,-,-,-,-,-
ʆ,0,-,-,-,-,+,-,+,+,-,-,-,-,-,-,0,0,+,-,+,-,-,0,0,0,0,0,0,0,-,-,-,-,-,-,-,-
ʓ,0,-,-,-,-,+,-,+,+,-,-,-,-,-,-,0,0,+,-,+,-,-,0,0,0,0,0,0,0,+,-,-,-,-,-,-,-
r̺ʲ,0,-,-,-,-,+,+,+,0,+,-,+,-,-,-,0,0,+,+,-,-,+,+,-,+,-,0,0,0,+,-,-,-,-,-,-,-
o̞̙,0,-,+,-,-,-,+,+,0,+,-,-,-,-,+,+,-,-,0,0,0,+,-,-,-,+,0,+,-,+,-,-,-,0,-,-,0
d̥ʒ̥,0,-,-,-,-,+,-,-,+,-,-,-,-,-,-,0,0,+,-,+,+,-,0,0,0,0,0,0,0,-,-,-,-,-,-,-,-
d̺̥z̺̥,0,-,-,-,-,+,-,-,+,-,-,-,-,-,-,0,0,+,+,-,+,-,0,0,0,0,0,0,0,-,-,-,-,-,-,-,-
t̺s̺ʰ,0,-,-,-,-,+,-,-,+,-,-,-,-,-,-,0,0,+,+,-,+,-,0,0,0,0,0,0,0,-,-,+,-,-,-,-,-
t̺s̺ʼ,0,-,-,-,-,+,-,-,+,-,-,-,-,-,-,0,0,+,+,-,+,-,0,0,0,0,0,0,0,-,-,-,+,-,+,-,-
yø,0,-,+,-,-,-,+,+,0,+,-,-,-,-,+,+,-,-,0,0,0,+,"+,-",-,+,-,+,-,-,+,-,-,-,0,-,-,0
i̯e̞,0,-,"-,+",-,-,-,+,+,0,+,-,-,-,-,-,0,0,-,0,0,0,+,"+,-",-,+,-,+,-,-,+,-,-,-,0,-,-,0
ts̺,0,-,-,-,-,+,-,-,+,-,-,-,-,-,-,0,0,+,+,-,+,-,0,0,0,0,0,0,0,-,-,-,-,-,-,-,-
ts̻,0,-,-,-,-,+,-,-,+,-,-,-,-,-,-,0,0,+,+,+,+,-,0,0,0,0,0,0,0,-,-,-,-,-,-,-,-
ʔʷʼ,0,-,-,-,-,+,-,-,-,-,-,-,-,-,+,+,-,-,0,0,0,-,0,0,0,0,0,0,0,-,-,-,+,-,+,-,-
t̺s̺ː,0,-,-,-,+,+,-,-,+,-,-,-,-,-,-,0,0,+,+,-,+,-,0,0,0,0,0,0,0,-,-,-,-,-,-,-,-
t̻s̪̻,0,-,-,-,-,+,-,-,+,-,-,-,-,-,-,0,0,+,+,+,+,-,0,0,0,0,0,0,0,-,-,-,-,-,-,-,-
s̻̠,0,-,-,-,-,+,-,+,+,-,-,-,-,-,-,0,0,+,-,+,+,-,0,0,0,0,0,0,0,-,-,-,-,-,-,-,-
mʰ,0,-,-,-,-,+,+,-,0,-,-,-,+,-,+,-,-,-,0,0,0,-,0,0,0,0,0,0,0,-,-,+,-,-,-,-,-
ã̈,0,-,+,-,-,-,+,+,0,+,-,-,+,-,-,0,0,-,0,0,0,+,-,+,-,-,0,-,-,+,-,-,-,0,-,-,0
n̪̺,0,-,-,-,-,+,+,-,0,-,-,-,+,-,-,0,0,+,+,-,-,-,0,0,0,0,0,0,0,+,-,-,-,-,-,-,-
ɬ̪̺,0,-,-,-,-,+,-,+,+,-,-,-,-,+,-,0,0,+,+,-,-,-,0,0,0,0,0,0,0,-,-,-,-,-,-,-,-
ɶ,0,-,+,-,-,-,+,+,0,+,-,-,-,-,+,+,-,-,0,0,0,+,-,+,-,-,0,-,-,+,-,-,-,0,-,-,0
ɶː,0,-,+,-,+,-,+,+,0,+,-,-,-,-,+,+,-,-,0,0,0,+,-,+,-,-,0,-,-,+,-,-,-,0,-,-,0
ɮ̺,0,-,-,-,-,+,-,+,+,-,-,-,-,+,-,0,0,+,+,-,-,-,0,0,0,0,0,0,0,+,-,-,-,-,-,-,-
ɫ̻,0,-,-,-,-,+,+,+,0,+,-,-,-,+,-,0,0,+,+,+,-,+,-,-,-,+,0,0,0,+,-,-,-,-,-,-,-
ɾ̻,0,-,-,-,-,+,+,+,0,+,+,-,-,-,-,0,0,+,+,+,-,-,0,0,0,0,0,0,0,+,-,-,-,-,-,-,-
dz̺,0,-,-,-,-,+,-,-,+,-,-,-,-,-,-,0,0,+,+,-,+,-,0,0,0,0,0,0,0,+,-,-,-,-,-,-,-
ĩ̞,0,-,+,-,-,-,+,+,0,+,-,-,+,-,-,0,0,-,0,0,0,+,+,-,+,-,0,-,-,+,-,-,-,0,-,-,0
ɫ̺,0,-,-,-,-,+,+,+,0,+,-,-,-,+,-,0,0,+,+,-,-,+,-,-,-,+,0,0,0,+,-,-,-,-,-,-,-
uo̞,0,-,+,-,-,-,+,+,0,+,-,-,-,-,+,+,-,-,0,0,0,+,"+,-",-,-,+,+,-,-,+,-,-,-,0,-,-,0
d̺ʒ̺,0,-,-,-,-,+,-,-,+,-,-,-,-,-,-,0,0,+,-,-,+,-,0,0,0,0,0,0,0,+,-,-,-,-,-,-,-
t̺ʃ̺,0,-,-,-,-,+,-,-,+,-,-,-,-,-,-,0,0,+,-,-,+,-,0,0,0,0,0,0,0,-,-,-,-,-,-,-,-
ʒ̺,0,-,-,-,-,+,-,+,+,-,-,-,-,-,-,0,0,+,-,-,+,-,0,0,0,0,0,0,0,+,-,-,-,-,-,-,-
ɪ̯ä,0,-,"-,+",-,-,-,+,+,0,+,-,-,-,-,-,0,0,-,0,0,0,+,"+,-","-,+","+,-",-,-,-,-,+,-,-,-,0,-,-,0
b̤ʱ,0,-,-,-,-,+,-,-,-,-,-,-,-,-,+,-,-,-,0,0,0,-,0,0,0,0,0,0,0,+,-,+,-,-,-,-,-
d̤ʒ̤ʱ,0,-,-,-,-,+,-,-,+,-,-,-,-,-,-,0,0,+,-,+,+,-,0,0,0,0,0,0,0,+,-,+,-,-,-,-,-
d̪̤ʱ,0,-,-,-,-,+,-,-,-,-,-,-,-,-,-,0,0,+,+,+,-,-,0,0,0,0,0,0,0,+,-,+,-,-,-,-,-
ɖ̤ʱ,0,-,-,-,-,+,-,-,-,-,-,-,-,-,-,0,0,+,-,-,-,-,0,0,0,0,0,0,0,+,-,+,-,-,-,-,-
ɡ̤ʱ,0,-,-,-,-,+,-,-,-,-,-,-,-,-,-,0,0,-,0,0,0,+,+,-,-,-,0,0,0,+,-,+,-,-,-,-,-
ã̈ː,0,-,+,-,+,-,+,+,0,+,-,-,+,-,-,0,0,-,0,0,0,+,-,+,-,-,0,-,-,+,-,-,-,0,-,-,0
ä̤,0,-,+,-,-,-,+,+,0,+,-,-,-,-,-,0,0,-,0,0,0,+,-,+,-,-,0,-,-,+,-,+,-,0,-,-,0
t̠ʃ̺,0,-,-,-,-,+,-,-,+,-,-,-,-,-,-,0,0,+,-,-,+,-,0,0,0,0,0,0,0,-,-,-,-,-,-,-,-
z̠,0,-,-,-,-,+,-,+,+,-,-,-,-,-,-,0,0,+,-,+,+,-,0,0,0,0,0,0,0,+,-,-,-,-,-,-,-
dʰ,0,-,-,-,-,+,-,-,-,-,-,-,-,-,-,0,0,+,+,-,-,-,0,0,0,0,0,0,0,-,-,+,-,-,-,-,-
d̥ʲ,0,-,-,-,-,+,-,-,-,-,-,-,-,-,-,0,0,+,+,-,-,+,+,-,+,-,0,0,0,-,-,-,-,-,-,-,-
d̪̥,0,-,-,-,-,+,-,-,-,-,-,-,-,-,-,0,0,+,+,+,-,-,0,0,0,0,0,0,0,-,-,-,-,-,-,-,-
χʲ,0,-,-,-,-,+,-,+,+,-,-,-,-,-,-,0,0,-,0,0,0,+,+,-,+,-,0,0,0,-,-,-,-,-,-,-,-
d̻̤ʱ,0,-,-,-,-,+,-,-,-,-,-,-,-,-,-,0,0,+,+,+,-,-,0,0,0,0,0,0,0,+,-,+,-,-,-,-,-
ɽ̤ʱ,0,-,-,-,-,+,+,+,0,+,+,-,-,-,-,0,0,+,-,-,-,-,0,0,0,0,0,0,0,+,-,+,-,-,-,-,-
qʲʼ,0,-,-,-,-,+,-,-,-,-,-,-,-,-,-,0,0,-,0,0,0,+,+,-,+,-,0,0,0,-,-,-,+,-,+,-,-
ʁʲ,0,-,-,-,-,+,-,+,+,-,-,-,-,-,-,0,0,-,0,0,0,+,+,-,+,-,0,0,0,+,-,-,-,-,-,-,-
d̺z̺,0,-,-,-,-,+,-,-,+,-,-,-,-,-,-,0,0,+,+,-,+,-,0,0,0,0,0,0,0,+,-,-,-,-,-,-,-
d̺z̺ː,0,-,-,-,+,+,-,-,+,-,-,-,-,-,-,0,0,+,+,-,+,-,0,0,0,0,0,0,0,+,-,-,-,-,-,-,-
s̺ː,0,-,-,-,+,+,-,+,+,-,-,-,-,-,-,0,0,+,+,-,+,-,0,0,0,0,0,0,0,-,-,-,-,-,-,-,-
ɻ̹̩,N,N,N,N,N,N,N,N,N,N,N,N,N,N,N,N,N,N,N,N,N,N,N,N,N,N,N,N,N,N,N,N,N,N,N,N,N
ə˞ː,0,-,+,-,+,-,+,+,0,+,-,-,-,-,-,0,0,+,+,+,+,+,-,-,-,-,-,-,-,+,-,-,-,0,-,-,0
oä,0,-,+,-,-,-,+,+,0,+,-,-,-,-,"+,-",+,-,-,0,0,0,+,-,"-,+",-,"+,-",+,-,-,+,-,-,-,0,-,-,0
d̪̻,0,-,-,-,-,+,-,-,-,-,-,-,-,-,-,0,0,+,+,+,-,-,0,0,0,0,0,0,0,+,-,-,-,-,-,-,-
d̺ʒ̺ʷ,0,-,-,-,-,+,-,-,+,-,-,-,-,-,+,+,-,+,-,-,+,-,0,0,0,0,0,0,0,+,-,-,-,-,-,-,-
d̻ʒ̻,0,-,-,-,-,+,-,-,+,-,-,-,-,-,-,0,0,+,-,+,+,-,0,0,0,0,0,0,0,+,-,-,-,-,-,-,-
t̪̻,0,-,-,-,-,+,-,-,-,-,-,-,-,-,-,0,0,+,+,+,-,-,0,0,0,0,0,0,0,-,-,-,-,-,-,-,-
t̺ʃ̺ʷ,0,-,-,-,-,+,-,-,+,-,-,-,-,-,+,+,-,+,-,-,+,-,0,0,0,0,0,0,0,-,-,-,-,-,-,-,-
t̻ʃ̻,0,-,-,-,-,+,-,-,+,-,-,-,-,-,-,0,0,+,-,+,+,-,0,0,0,0,0,0,0,-,-,-,-,-,-,-,-
z̪̻,0,-,-,-,-,+,-,+,+,-,-,-,-,-,-,0,0,+,+,+,+,-,0,0,0,0,0,0,0,+,-,-,-,-,-,-,-
ʊ̞̈,0,-,+,-,-,-,+,+,0,+,-,-,-,-,+,+,-,-,0,0,0,+,0,-,-,0,-,-,-,+,-,-,-,0,-,-,0
ɜ̹,0,-,+,-,-,-,+,+,0,+,-,-,-,-,-,0,0,-,0,0,0,+,-,-,-,-,-,-,-,+,-,-,-,0,-,-,0
ɜ̹ː,0,-,+,-,+,-,+,+,0,+,-,-,-,-,-,0,0,-,0,0,0,+,-,-,-,-,-,-,-,+,-,-,-,0,-,-,0
ɨ̹ː,0,-,+,-,+,-,+,+,0,+,-,-,-,-,-,0,0,-,0,0,0,+,+,-,-,-,+,-,-,+,-,-,-,0,-,-,0
ŋ̟,0,-,-,-,-,+,+,-,0,-,-,-,+,-,-,0,0,-,0,0,0,+,+,-,+,-,0,0,0,+,-,-,-,-,-,-,-
d̥ʒ̊,0,-,-,-,-,+,-,-,+,-,-,-,-,-,-,0,0,+,-,+,+,-,0,0,0,0,0,0,0,-,-,-,-,-,-,-,-
ɖ̥ʐ̥,0,-,-,-,-,+,-,-,+,-,-,-,-,-,-,0,0,+,-,-,+,-,0,0,0,0,0,0,0,-,-,-,-,-,-,-,-
ɢ̥,0,-,-,-,-,+,-,-,-,-,-,-,-,-,-,0,0,-,0,0,0,+,-,-,-,+,0,0,0,-,-,-,-,-,-,-,-
ʰkʰ,0,-,-,-,-,+,-,-,-,-,-,-,-,-,-,0,0,-,0,0,0,+,+,-,-,-,0,0,0,-,-,+,-,-,-,-,-
ʰpʰ,0,-,-,-,-,+,-,-,-,-,-,-,-,-,+,-,-,-,0,0,0,-,0,0,0,0,0,0,0,-,-,+,-,-,-,-,-
ʰqʰ,0,-,-,-,-,+,-,-,-,-,-,-,-,-,-,0,0,-,0,0,0,+,-,-,-,+,0,0,0,-,-,+,-,-,-,-,-
ʰsʰ,0,-,-,-,-,+,-,+,+,-,-,-,-,-,-,0,0,+,+,-,+,-,0,0,0,0,0,0,0,-,-,+,-,-,-,-,-
ʰtsʰ,0,-,-,-,-,+,-,-,+,-,-,-,-,-,-,0,0,+,+,-,+,-,0,0,0,0,0,0,0,-,-,+,-,-,-,-,-
ʰtʰ,0,-,-,-,-,+,-,-,-,-,-,-,-,-,-,0,0,+,+,-,-,-,0,0,0,0,0,0,0,-,-,+,-,-,-,-,-
ʰt̠ʃʰ,0,-,-,-,-,+,-,-,+,-,-,-,-,-,-,0,0,+,-,+,+,-,0,0,0,0,0,0,0,-,-,+,-,-,-,-,-
ʰʈʂʰ,0,-,-,-,-,+,-,-,+,-,-,-,-,-,-,0,0,+,-,-,+,-,0,0,0,0,0,0,0,-,-,+,-,-,-,-,-
kʷʲ,0,-,-,-,-,+,-,-,-,-,-,-,-,-,+,+,-,-,0,0,0,+,+,-,+,-,0,0,0,-,-,-,-,-,-,-,-
qʲ,0,-,-,-,-,+,-,-,-,-,-,-,-,-,-,0,0,-,0,0,0,+,+,-,+,-,0,0,0,-,-,-,-,-,-,-,-
qʲʰ,0,-,-,-,-,+,-,-,-,-,-,-,-,-,-,0,0,-,0,0,0,+,+,-,+,-,0,0,0,-,-,+,-,-,-,-,-
qʷʲ,0,-,-,-,-,+,-,-,-,-,-,-,-,-,+,+,-,-,0,0,0,+,+,-,+,-,0,0,0,-,-,-,-,-,-,-,-
qʷʲʰ,0,-,-,-,-,+,-,-,-,-,-,-,-,-,+,+,-,-,0,0,0,+,+,-,+,-,0,0,0,-,-,+,-,-,-,-,-
qʷʲʼ,0,-,-,-,-,+,-,-,-,-,-,-,-,-,+,+,-,-,0,0,0,+,+,-,+,-,0,0,0,-,-,-,+,-,+,-,-
s̪ʷʲ,0,-,-,-,-,+,-,+,+,-,-,-,-,-,+,+,-,+,+,+,+,+,+,-,+,-,0,0,0,-,-,-,-,-,-,-,-
d͇z͇,0,-,-,-,-,+,-,-,+,-,-,-,-,-,-,0,0,+,+,-,-,-,0,0,0,0,0,0,0,+,-,-,-,-,-,-,-
t͇s͇,0,-,-,-,-,+,-,-,+,-,-,-,-,-,-,0,0,+,+,-,-,-,0,0,0,0,0,0,0,-,-,-,-,-,-,-,-
t͇s͇ʰ,0,-,-,-,-,+,-,-,+,-,-,-,-,-,-,0,0,+,+,-,-,-,0,0,0,0,0,0,0,-,-,+,-,-,-,-,-
iɜ,0,-,+,-,-,-,+,+,0,+,-,-,-,-,-,0,0,-,0,0,0,+,"+,-",-,"+,-",-,"+,-",-,-,+,-,-,-,0,-,-,0
uɜ,0,-,+,-,-,-,+,+,0,+,-,-,-,-,"+,-",+,-,-,0,0,0,+,"+,-",-,-,"+,-","+,-",-,-,+,-,-,-,0,-,-,0
yɜ,0,-,+,-,-,-,+,+,0,+,-,-,-,-,"+,-",+,-,-,0,0,0,+,"+,-",-,"+,-",-,"+,-",-,-,+,-,-,-,0,-,-,0
ɟ̥ʝ̥,0,-,-,-,-,+,-,-,+,-,-,-,-,-,-,0,0,+,-,+,-,+,+,-,+,-,0,0,0,-,-,-,-,-,-,-,-
dzʰ,0,-,-,-,-,+,-,-,+,-,-,-,-,-,-,0,0,+,+,-,+,-,0,0,0,0,0,0,0,-,-,+,-,-,-,-,-
ĩẽ,0,-,+,-,-,-,+,+,0,+,-,-,+,-,-,0,0,-,0,0,0,+,"+,-",-,+,-,+,-,-,+,-,-,-,0,-,-,0
ii,0,-,+,-,-,-,+,+,0,+,-,-,-,-,-,0,0,-,0,0,0,+,+,-,+,-,+,-,-,+,-,-,-,0,-,-,0
ua̟,0,-,+,-,-,-,+,+,0,+,-,-,-,-,"+,-",+,-,-,0,0,0,+,"+,-","-,+",-,"+,-",+,-,-,+,-,-,-,0,-,-,0
θ̻,0,-,-,-,-,+,-,+,+,-,-,-,-,-,-,0,0,+,+,+,-,-,0,0,0,0,0,0,0,-,-,-,-,-,-,-,-
dz̻,0,-,-,-,-,+,-,-,+,-,-,-,-,-,-,0,0,+,+,+,+,-,0,0,0,0,0,0,0,+,-,-,-,-,-,-,-
ɥ̊,0,-,-,-,-,-,+,+,0,+,-,-,-,-,+,+,-,-,0,0,0,+,+,-,+,-,+,0,0,-,-,-,-,-,-,-,-
l̪̊,0,-,-,-,-,+,+,+,0,+,-,-,-,+,-,0,0,+,+,+,-,-,0,0,0,0,0,0,0,-,-,-,-,-,-,-,-
n̪̊,0,-,-,-,-,+,+,-,0,-,-,-,+,-,-,0,0,+,+,+,-,-,0,0,0,0,0,0,0,-,-,-,-,-,-,-,-
ɜi̯,0,-,"+,-",-,-,-,+,+,0,+,-,-,-,-,-,0,0,-,0,0,0,+,"-,+",-,"-,+",-,"-,+",-,-,+,-,-,-,0,-,-,0
ð͇ˠ,0,-,-,-,-,+,-,+,+,-,-,-,-,-,-,0,0,+,+,+,-,+,+,-,-,-,0,0,0,+,-,-,-,-,-,-,-
ə̹,0,-,+,-,-,-,+,+,0,+,-,-,-,-,-,0,0,-,0,0,0,+,-,-,-,-,-,-,-,+,-,-,-,0,-,-,0
u̠u,0,-,+,-,-,-,+,+,0,+,-,-,-,-,+,+,-,-,-,+,0,+,+,-,-,+,+,-,-,+,-,-,-,0,-,-,0
ɖ̻ʐ̻,0,-,-,-,-,+,-,-,+,-,-,-,-,-,-,0,0,+,-,+,+,-,0,0,0,0,0,0,0,+,-,-,-,-,-,-,-
ʂ̻,0,-,-,-,-,+,-,+,+,-,-,-,-,-,-,0,0,+,-,+,+,-,0,0,0,0,0,0,0,-,-,-,-,-,-,-,-
ʈ̻ʂ̻,0,-,-,-,-,+,-,-,+,-,-,-,-,-,-,0,0,+,-,+,+,-,0,0,0,0,0,0,0,-,-,-,-,-,-,-,-
ʐ̻,0,-,-,-,-,+,-,+,+,-,-,-,-,-,-,0,0,+,-,+,+,-,0,0,0,0,0,0,0,+,-,-,-,-,-,-,-
ðʼ,0,-,-,-,-,+,-,+,+,-,-,-,-,-,-,0,0,+,+,+,-,-,0,0,0,0,0,0,0,-,-,-,+,-,+,-,-
ɮʼ,0,-,-,-,-,+,-,+,+,-,-,-,-,+,-,0,0,+,+,-,-,-,0,0,0,0,0,0,0,-,-,-,+,-,+,-,-
ȶ͉,0,-,-,-,-,+,-,-,-,-,-,-,-,-,-,0,0,+,+,+,-,+,+,-,+,-,0,0,0,-,-,-,-,-,-,-,-
ȴ,0,-,-,-,-,+,+,+,0,+,-,-,-,+,-,0,0,+,+,+,-,+,+,-,+,-,0,0,0,+,-,-,-,-,-,-,-
ȶ,0,-,-,-,-,+,-,-,-,-,-,-,-,-,-,0,0,+,+,+,-,+,+,-,+,-,0,0,0,-,-,-,-,-,-,-,-
t̪͉,0,-,-,-,-,+,-,-,-,-,-,-,-,-,-,0,0,+,+,+,-,-,0,0,0,0,0,0,0,-,-,-,-,-,-,-,-
t̺͈,0,-,-,-,-,+,-,-,-,-,-,-,-,-,-,0,0,+,+,-,-,-,0,0,0,0,0,0,0,-,-,-,-,+,-,-,-
t̺͉,0,-,-,-,-,+,-,-,-,-,-,-,-,-,-,0,0,+,+,-,-,-,0,0,0,0,0,0,0,-,-,-,-,-,-,-,-
ɺ̺̠,0,-,-,-,-,+,+,+,0,+,+,-,-,+,-,0,0,+,-,+,-,-,0,0,0,0,0,0,0,+,-,-,-,-,-,-,-
ȶʷ,0,-,-,-,-,+,-,-,-,-,-,-,-,-,+,+,-,+,+,+,-,+,+,-,+,-,0,0,0,-,-,-,-,-,-,-,-
